"Index","Date","Open","High","Low","Close","Volume","Adj.Close"
"1",2016-10-07,9.1,9.99,8,8.02,1793700,8.02
"2",2016-10-10,8,8.377,8,8,267600,8
"3",2016-10-11,8,8.14,7.45,7.5,282400,7.5
"4",2016-10-12,7.5,7.59,7.5,7.5,99000,7.5
"5",2016-10-13,7.5,7.628,6.15,6.78,145400,6.78
"6",2016-10-14,6.58,6.8,6.28,6.5,115300,6.5
"7",2016-10-17,6.65,6.69,6.25,6.69,162200,6.69
"8",2016-10-18,6.75,6.75,6.4,6.62,82100,6.62
"9",2016-10-19,6.75,6.75,6.4,6.56,22000,6.56
"10",2016-10-20,6.41,6.68,6.41,6.61,49400,6.61
"11",2016-10-21,6.51,6.65,6.45,6.5,90500,6.5
"12",2016-10-24,6.54,6.59,6.43,6.46,19100,6.46
"13",2016-10-25,6.46,6.693,6.25,6.33,57100,6.33
"14",2016-10-26,6.29,7.36,6.26,7.36,98000,7.36
"15",2016-10-27,7.3,7.65,6.86,7.5,275300,7.5
"16",2016-10-28,7.51,7.52,6.59,6.82,55300,6.82
"17",2016-10-31,6.88,6.9,6.59,6.66,39600,6.66
"18",2016-11-01,6.4,7.3,6.4,7.25,19000,7.25
"19",2016-11-02,7.42,7.42,6.75,6.98,54100,6.98
"20",2016-11-03,7.2,7.2,6.45,6.59,68400,6.59
"21",2016-11-04,6.93,7,6.47,6.87,44300,6.87
"22",2016-11-07,7.25,7.25,6.75,6.84,24000,6.84
"23",2016-11-08,6.87,7.19,6.75,7.04,19300,7.04
"24",2016-11-09,6.98,7.25,6.9,6.92,13200,6.92
"25",2016-11-10,7.25,7.25,6.9,7.03,9600,7.03
"26",2016-11-11,7,7,6.8,6.8,9700,6.8
"27",2016-11-14,6.8,7.165,6.772,6.93,36100,6.93
"28",2016-11-15,7.49,7.6,6.81,6.91,33900,6.91
"29",2016-11-16,7.2,7.528,6.95,6.96,17600,6.96
"30",2016-11-17,7.04,7.04,6.86,6.86,22800,6.86
"31",2016-11-18,7.48,7.48,6.8,7.2,30800,7.2
"32",2016-11-21,7.19,7.22,7,7.22,36600,7.22
"33",2016-11-22,7.2,7.25,7.15,7.23,27000,7.23
"34",2016-11-23,7.28,7.28,6.9,7.07,136900,7.07
"35",2016-11-25,7.07,7.29,7.07,7.29,9500,7.29
"36",2016-11-28,7.17,7.24,7,7.23,18400,7.23
"37",2016-11-29,7.17,7.33,7.15,7.33,21100,7.33
"38",2016-11-30,7.28,7.4,7.2,7.34,8300,7.34
"39",2016-12-01,7.35,7.59,7.3,7.5,22900,7.5
"40",2016-12-02,7.5,7.5,7.21,7.37,28200,7.37
"41",2016-12-05,7.44,7.64,7.17,7.39,42100,7.39
"42",2016-12-06,7.45,7.45,7.22,7.3,100700,7.3
"43",2016-12-07,7.28,7.5,7.28,7.35,29000,7.35
"44",2016-12-08,7.35,7.48,7.25,7.35,30800,7.35
"45",2016-12-09,7.35,7.35,7.2,7.34,21100,7.34
"46",2016-12-12,7.34,7.739,7.34,7.44,96700,7.44
"47",2016-12-13,7.45,7.45,7.36,7.44,44300,7.44
"48",2016-12-14,7.39,7.415,7.15,7.25,26700,7.25
"49",2016-12-15,7.4,7.44,7.15,7.17,26700,7.17
"50",2016-12-16,7.2,7.435,6.63,6.63,158100,6.63
"51",2016-12-19,6.77,7.135,6.77,6.91,38500,6.91
"52",2016-12-20,6.94,7.234,6.94,7.09,74600,7.09
"53",2016-12-21,7.12,7.34,7.06,7.07,71400,7.07
"54",2016-12-22,7.07,7.35,7.07,7.35,74000,7.35
"55",2016-12-23,7.36,7.45,7.154,7.33,23500,7.33
"56",2016-12-27,7.34,7.34,7.13,7.29,14800,7.29
"57",2016-12-28,7.5,7.5,7.28,7.28,28000,7.28
"58",2016-12-29,7.4,7.4,7.31,7.38,115500,7.38
"59",2016-12-30,7.5,8.3,7.34,8.29,67700,8.29
"60",2017-01-03,8.26,8.26,7.6,7.63,20700,7.63
"61",2017-01-04,7.65,7.939,7.3,7.61,14900,7.61
"62",2017-01-05,7.47,8.24,7.45,7.58,10100,7.58
"63",2017-01-06,7.73,8.189,7.64,7.66,102400,7.66
"64",2017-01-09,7.71,8.04,7.71,8,3500,8
"65",2017-01-10,8.02,8.08,7.77,7.775,5400,7.775
"66",2017-01-11,8.2,8.49,8,8.41,52300,8.41
"67",2017-01-12,8.6,8.6,8.03,8.03,29000,8.03
"68",2017-01-13,8.05,8.411,8.04,8.05,29300,8.05
"69",2017-01-17,8.03,8.205,8.03,8.11,35300,8.11
"70",2017-01-18,8.33,8.4,8.244,8.26,18300,8.26
"71",2017-01-19,8.47,8.5,8.22,8.24,32700,8.24
"72",2017-01-20,8.294,8.32,8.033,8.32,23000,8.32
"73",2017-01-23,8.32,8.32,8,8.25,20200,8.25
"74",2017-01-24,8.26,8.3,7.91,8.03,31000,8.03
"75",2017-01-25,8.03,8.32,8.03,8.18,31700,8.18
"76",2017-01-26,8.15,8.26,8.149,8.26,33200,8.26
"77",2017-01-27,8.43,8.44,8.21,8.24,10300,8.24
"78",2017-01-30,8.23,8.49,8.2,8.24,10400,8.24
"79",2017-01-31,8.45,8.45,8.01,8.11,16000,8.11
"80",2017-02-01,8.1,8.1,7.95,7.99,23700,7.99
"81",2017-02-02,7.86,8.01,7.86,7.97,24900,7.97
"82",2017-02-03,8.1,8.12,7.95,8.05,21900,8.05
"83",2017-02-06,7.99,8.1,7.94,8.01,5600,8.01
"84",2017-02-07,8.08,8.08,8,8,7800,8
"85",2017-02-08,7.93,8,7.9,7.92,40600,7.92
"86",2017-02-09,7.98,7.986,7.783,7.85,18600,7.85
"87",2017-02-10,7.85,8.02,7.85,7.99,3900,7.99
"88",2017-02-13,7.95,7.99,7.95,7.95,2000,7.95
"89",2017-02-14,7.95,8.71,7.95,8.7,114300,8.7
"90",2017-02-15,9.25,9.43,8.7,9.09,276600,9.09
"91",2017-02-16,9.18,9.38,8.82,9.04,42200,9.04
"92",2017-02-17,9.04,9.47,9.025,9.33,52900,9.33
"93",2017-02-21,9.44,10,9.413,9.99,120900,9.99
"94",2017-02-22,10.08,10.16,9.9,10.13,64300,10.13
"95",2017-02-23,10.22,10.22,9.76,9.91,41300,9.91
"96",2017-02-24,9.88,10.15,9.51,10.15,37900,10.15
"97",2017-02-27,10.19,10.19,9.79,9.87,17000,9.87
"98",2017-02-28,9.826,10.25,9.7,10.03,47600,10.03
"99",2017-03-01,10.05,10.278,9.59,9.78,48100,9.78
"100",2017-03-02,9.92,10.05,9.757,10.03,32100,10.03
"101",2017-03-03,9.97,9.97,8.95,9.01,79400,9.01
"102",2017-03-06,8.99,9.412,8.97,8.99,13500,8.99
"103",2017-03-07,8.95,9.05,8.91,9,22600,9
"104",2017-03-08,8.95,9.01,8.88,8.95,12800,8.95
"105",2017-03-09,8.9,8.96,8.73,8.79,22300,8.79
"106",2017-03-10,8.75,8.825,8.25,8.51,86800,8.51
"107",2017-03-13,8.58,8.58,8.38,8.5,34000,8.5
"108",2017-03-14,8.42,8.61,8.29,8.3,28300,8.3
"109",2017-03-15,8.32,8.364,7.56,7.56,42700,7.56
"110",2017-03-16,7.5,8.078,7.49,8.04,34800,8.04
"111",2017-03-17,8.16,8.38,8.01,8.09,29400,8.09
"112",2017-03-20,8.21,8.4,8,8.03,31800,8.03
"113",2017-03-21,7.97,8.2,7.5,7.5,32300,7.5
"114",2017-03-22,7.52,8.079,7.52,7.73,53400,7.73
"115",2017-03-23,7.69,8.02,7,7.8,57300,7.8
"116",2017-03-24,7.87,7.96,7.59,7.88,15800,7.88
"117",2017-03-27,7.81,8.06,7.61,7.65,24800,7.65
"118",2017-03-28,7.47,7.95,7.47,7.7,23700,7.7
"119",2017-03-29,7.5,7.85,7.5,7.82,18100,7.82
"120",2017-03-30,7.77,8.05,7.737,7.93,122500,7.93
"121",2017-03-31,7.98,8.93,7.958,8.38,135900,8.38
"122",2017-04-03,8.32,8.75,8.15,8.31,54500,8.31
"123",2017-04-04,8.348,8.5,8.15,8.15,68300,8.15
"124",2017-04-05,8.6,8.6,7.8,7.95,37900,7.95
"125",2017-04-06,8.02,8.9,7.9,8.89,54600,8.89
"126",2017-04-07,9.21,9.21,8.5,8.7,41700,8.7
"127",2017-04-10,8.89,8.92,8.5,8.5,7900,8.5
"128",2017-04-11,8.484,8.9,8.12,8.38,8200,8.38
"129",2017-04-12,8.38,8.78,8.29,8.59,14700,8.59
"130",2017-04-13,8.66,8.695,8.35,8.46,6100,8.46
"131",2017-04-17,8.59,8.78,8.403,8.741,8200,8.741
"132",2017-04-18,8.7,8.86,8.656,8.68,31400,8.68
"133",2017-04-19,8.68,9.22,8.68,9.16,67000,9.16
"134",2017-04-20,9.223,9.32,9.1,9.27,52700,9.27
"135",2017-04-21,9.37,9.4,8.82,9.15,40400,9.15
"136",2017-04-24,9.22,9.35,8.98,9.29,79800,9.29
"137",2017-04-25,9.39,9.73,9.02,9.41,74500,9.41
"138",2017-04-26,9.64,9.74,9.35,9.74,34500,9.74
"139",2017-04-27,9.98,9.98,9.27,9.3,36100,9.3
"140",2017-04-28,9.42,10,9.31,10,28800,10
"141",2017-05-01,10,10.1,9.76,10.02,105600,10.02
"142",2017-05-02,10.05,10.06,9.4,9.63,49700,9.63
"143",2017-05-03,9.6,9.6,8.868,9.34,15000,9.34
"144",2017-05-04,8.88,9.35,8.88,9.31,16000,9.31
"145",2017-05-05,9.25,9.25,9.1,9.21,5000,9.21
"146",2017-05-08,9.29,9.44,9.131,9.44,7900,9.44
"147",2017-05-09,9.3,9.585,9.23,9.5,22900,9.5
"148",2017-05-10,9.42,9.586,9.4,9.4,10400,9.4
"149",2017-05-11,9.43,9.712,9.11,9.11,41600,9.11
"150",2017-05-12,9.02,10.2,9.02,10.06,93800,10.06
"151",2017-05-15,10,10.615,9.88,10.16,51100,10.16
"152",2017-05-16,10.25,10.29,9.61,10.29,47500,10.29
"153",2017-05-17,9.69,9.75,9.03,9.34,82400,9.34
"154",2017-05-18,9.29,9.99,9.1,9.85,60700,9.85
"155",2017-05-19,9.8,9.9,9.39,9.9,24900,9.9
"156",2017-05-22,10.14,12,10.13,11.08,628200,11.08
"157",2017-05-23,11.9,12.7,11.49,12.49,432800,12.49
"158",2017-05-24,12.5,13.741,12.5,13.2,314100,13.2
"159",2017-05-25,13.5,13.65,11.64,12.97,292700,12.97
"160",2017-05-26,13,13.104,12.55,13.02,90700,13.02
"161",2017-05-30,13.16,14.75,12.75,14.57,265400,14.57
"162",2017-05-31,15.15,18.48,15.01,17.98,737600,17.98
"163",2017-06-01,18.5,20.5,17.32,17.85,736100,17.85
"164",2017-06-02,17.450001,17.6,15.05,16.639999,540400,16.639999
"165",2017-06-05,17.15,17.15,15.66,16.32,308700,16.32
"166",2017-06-06,16.35,16.726,15.81,15.96,253000,15.96
"167",2017-06-07,15.96,16.5,15.2,15.33,322100,15.33
"168",2017-06-08,15.2,18.26,14.77,18.030001,461300,18.030001
"169",2017-06-09,18.25,21.440001,16.549999,18.219999,627400,18.219999
"170",2017-06-12,17.860001,19.200001,17.035,17.76,192000,17.76
"171",2017-06-13,17.75,19.1,17.620001,18.59,226700,18.59
"172",2017-06-14,19,19,16.77,17.74,150300,17.74
"173",2017-06-15,17.9,18,17.01,17.43,92000,17.43
"174",2017-06-16,17.700001,19,17.134001,18.809999,415500,18.809999
"175",2017-06-19,19.1,20.049999,19.011,20,441500,20
"176",2017-06-20,20.389999,22,19.931,21.9,442000,21.9
"177",2017-06-21,21.700001,22.65,21.02,22.549999,349500,22.549999
"178",2017-06-22,22.809999,23.105,21.34,21.98,248400,21.98
"179",2017-06-23,21.84,21.84,19.709999,21.379999,282600,21.379999
"180",2017-06-26,21.190001,22.229,20.525,21.65,201300,21.65
"181",2017-06-27,21.379999,22,21.18,21.200001,192000,21.200001
"182",2017-06-28,20.950001,22.35,20.332001,21.889999,252400,21.889999
"183",2017-06-29,22,22,18.75,20.530001,374500,20.530001
"184",2017-06-30,20.719999,20.974001,19.49,19.98,141400,19.98
"185",2017-07-03,19.74,21.200001,19.74,21.18,102400,21.18
"186",2017-07-05,20.950001,23.32,20.408001,23.110001,311500,23.110001
"187",2017-07-06,23.209999,23.209999,22.09,22.35,241800,22.35
"188",2017-07-07,22.379999,22.950001,22.02,22.16,180000,22.16
"189",2017-07-10,22.309999,24.99,22.173,24.01,617400,24.01
"190",2017-07-11,24.25,24.83,23.51,23.98,209800,23.98
"191",2017-07-12,24.48,24.606001,23.07,23.07,219800,23.07
"192",2017-07-13,23.09,24.5,23.09,23.940001,184000,23.940001
"193",2017-07-14,24.07,24.99,23.809999,23.82,172200,23.82
"194",2017-07-17,23.85,24.9,23.85,24.879999,182700,24.879999
"195",2017-07-18,25.1,25.389999,23.049999,23.360001,281400,23.360001
"196",2017-07-19,23.24,23.500999,21.209999,21.91,473200,21.91
"197",2017-07-20,21.799999,21.914,20.01,20.67,424700,20.67
"198",2017-07-21,20.799999,21.790001,20.1,21.16,239600,21.16
"199",2017-07-24,21,21,18.07,18.469999,464200,18.469999
"200",2017-07-25,18.549999,18.77,17.120001,18.309999,467700,18.309999
"201",2017-07-26,18.190001,20.959999,18,20.84,524300,20.84
"202",2017-07-27,21,21.190001,19.51,19.809999,304100,19.809999
"203",2017-07-28,20.07,21.488001,19.780001,21.280001,258000,21.280001
"204",2017-07-31,21.309999,21.4,19.280001,19.440001,273200,19.440001
"205",2017-08-01,19.41,19.719999,19.02,19.32,151300,19.32
"206",2017-08-02,19.35,19.459999,17.733999,18.52,292700,18.52
"207",2017-08-03,18.52,18.945,17.74,17.889999,122900,17.889999
"208",2017-08-04,17.639999,18.190001,17.08,17.6,130500,17.6
"209",2017-08-07,17.65,17.98,16.645,17.76,236200,17.76
"210",2017-08-08,17.82,18.851999,17.733,18.639999,169800,18.639999
"211",2017-08-09,18.51,19.059999,17.641001,17.98,263300,17.98
"212",2017-08-10,15.26,16.52,14.14,15.23,1013300,15.23
"213",2017-08-11,15.1,15.59,14.23,14.48,336900,14.48
"214",2017-08-14,15.03,16.51,14.83,15.3,365200,15.3
"215",2017-08-15,15.56,16.014,14.5,14.75,155100,14.75
"216",2017-08-16,14.72,15.15,14.46,15.11,108900,15.11
"217",2017-08-17,15.14,15.19,14.48,14.7,217100,14.7
"218",2017-08-18,14.6,15.82,14.6,15.57,162000,15.57
"219",2017-08-21,15.59,15.686,14.73,14.92,133500,14.92
"220",2017-08-22,14.95,15.5,14.8,15.22,127900,15.22
"221",2017-08-23,15.48,17.950001,15.35,16.91,509000,16.91
"222",2017-08-24,16.9,17.933001,16.33,16.459999,298800,16.459999
"223",2017-08-25,16.42,16.593,15.05,15.17,206800,15.17
"224",2017-08-28,15.35,15.67,15,15.4,120500,15.4
"225",2017-08-29,15.32,15.59,15.1,15.41,92300,15.41
"226",2017-08-30,15.46,15.68,15.23,15.59,128500,15.59
"227",2017-08-31,15.59,16.575001,15.59,16.299999,250800,16.299999
"228",2017-09-01,16.43,16.93,16.02,16.25,189900,16.25
"229",2017-09-05,16.17,16.881001,15.67,16.02,138200,16.02
"230",2017-09-06,16.15,16.479,15.7,15.82,74800,15.82
"231",2017-09-07,15.84,16.280001,15.72,16.01,50400,16.01
"232",2017-09-08,16.02,16.069,15.75,15.89,52000,15.89
"233",2017-09-11,15.98,16.129999,15.75,15.84,82000,15.84
"234",2017-09-12,15.84,16.59,15.7,16.52,128500,16.52
"235",2017-09-13,16.549999,16.615,15.93,16.030001,73800,16.030001
"236",2017-09-14,15.91,16.209999,15.74,16,73000,16
"237",2017-09-15,16,16.98,15.86,16.950001,190000,16.950001
"238",2017-09-18,17.049999,17.5,16.790001,17.120001,139500,17.120001
"239",2017-09-19,17.200001,17.74,17.110001,17.709999,135100,17.709999
"240",2017-09-20,17.799999,18.959999,17.709999,18.58,367500,18.58
"241",2017-09-21,18.65,19.25,17.5,17.615,277400,17.615
"242",2017-09-22,17.57,17.625,16.5,16.65,199500,16.65
"243",2017-09-25,16.639999,17.35,15.7,15.98,145500,15.98
"244",2017-09-26,16.1,16.299999,15.7,15.92,87700,15.92
"245",2017-09-27,16.200001,16.93,15.999,16.389999,114900,16.389999
"246",2017-09-28,16.549999,17.267,16.462,17,115200,17
"247",2017-09-29,17.16,17.479,16.59,17.09,81800,17.09
"248",2017-10-02,17.15,17.162001,15.4,15.51,243800,15.51
"249",2017-10-03,15.45,16.190001,15.45,15.92,149100,15.92
"250",2017-10-04,15.77,15.86,15.5,15.65,80000,15.65
"251",2017-10-05,15.65,15.656,15.23,15.33,92000,15.33
"252",2017-10-06,15.16,15.2,13.09,13.37,529900,13.37
"253",2017-10-09,13.18,13.35,12.5,12.66,274900,12.66
"254",2017-10-10,12.08,12.59,11.49,11.72,644900,11.72
"255",2017-10-11,11.65,13.17,11.65,12.6,279300,12.6
"256",2017-10-12,12.4,13.11,12.4,12.52,238500,12.52
"257",2017-10-13,12.47,12.726,11.64,11.7,248700,11.7
"258",2017-10-16,11.81,12.054,11.28,11.31,215100,11.31
"259",2017-10-17,11.35,11.35,10.77,10.87,265900,10.87
"260",2017-10-18,10.72,10.87,10.55,10.81,177900,10.81
"261",2017-10-19,10.61,10.83,10.6,10.8,105000,10.8
"262",2017-10-20,10.79,11.43,10.78,11.17,145300,11.17
"263",2017-10-23,11.21,11.75,11.06,11.15,147600,11.15
"264",2017-10-24,11.15,11.972,11.15,11.78,153400,11.78
"265",2017-10-25,11.56,11.72,10.9,10.92,161700,10.92
"266",2017-10-26,10.86,10.91,10.42,10.53,161800,10.53
"267",2017-10-27,10.63,11.11,10.3,10.62,123600,10.62
"268",2017-10-30,10.61,10.68,10.2,10.35,113400,10.35
"269",2017-10-31,10.27,10.54,10.2,10.29,104000,10.29
"270",2017-11-01,10.29,10.29,9.41,9.49,201900,9.49
"271",2017-11-02,9.28,9.31,8.12,8.3,488200,8.3
"272",2017-11-03,8.22,8.35,8.05,8.12,177300,8.12
"273",2017-11-06,8.05,8.7,8.03,8.49,275800,8.49
"274",2017-11-07,8.56,8.95,8.15,8.89,221800,8.89
"275",2017-11-08,9.25,9.56,8.947,9.36,253900,9.36
"276",2017-11-09,9.29,9.305,8.64,8.9,110900,8.9
"277",2017-11-10,9.14,9.41,8.7,9.15,107300,9.15
"278",2017-11-13,9.05,9.87,8.92,9.62,280300,9.62
"279",2017-11-14,9.5,9.5,8.15,8.26,486600,8.26
"280",2017-11-15,8.11,8.36,7.77,7.8,206700,7.8
"281",2017-11-16,7.89,8.03,7.5,7.65,208500,7.65
"282",2017-11-17,7.66,8.15,7.36,7.98,195400,7.98
"283",2017-11-20,8.11,8.238,7.75,8.2,210600,8.2
"284",2017-11-21,8.33,9.4,8.23,9.02,363500,9.02
"285",2017-11-22,9.15,9.15,8.6,8.76,158300,8.76
"286",2017-11-24,8.91,8.92,8.64,8.82,40800,8.82
"287",2017-11-27,8.78,8.83,8.32,8.4,135200,8.4
"288",2017-11-28,8.43,8.45,8.3,8.31,69700,8.31
"289",2017-11-29,8.33,8.33,7.75,7.86,238700,7.86
"290",2017-11-30,8.01,8.38,7.9,8.04,171200,8.04
"291",2017-12-01,8.02,8.13,7.679,7.74,113900,7.74
"292",2017-12-04,7.8,7.871,7.251,7.6,197500,7.6
"293",2017-12-05,7.65,7.869,7.56,7.61,117200,7.61
"294",2017-12-06,7.65,7.67,7.47,7.49,88400,7.49
"295",2017-12-07,7.51,7.6,7.32,7.43,94800,7.43
"296",2017-12-08,7.59,7.83,7.46,7.69,141700,7.69
"297",2017-12-11,8.15,8.15,7.39,7.48,144500,7.48
"298",2017-12-12,7.55,7.55,7.45,7.5,88000,7.5
"299",2017-12-13,7.51,7.55,6.8,6.96,320200,6.96
"300",2017-12-14,7,7.1,6.86,6.88,134100,6.88
"301",2017-12-15,6.95,6.95,6.69,6.69,159900,6.69
"302",2017-12-18,7.25,7.86,6.73,7.58,291500,7.58
"303",2017-12-19,7.71,7.849,7.323,7.52,171900,7.52
"304",2017-12-20,7.6,7.76,7.35,7.37,86800,7.37
"305",2017-12-21,7.45,7.7,7.3,7.38,88500,7.38
"306",2017-12-22,7.38,7.52,7.21,7.24,102400,7.24
"307",2017-12-26,7.24,7.28,7.01,7.02,79500,7.02
"308",2017-12-27,7.05,7.31,7.02,7.26,91900,7.26
"309",2017-12-28,7.3,8.2,7.25,7.68,257700,7.68
"310",2017-12-29,7.7,7.93,7.43,7.5,260600,7.5
"311",2018-01-02,7.5,7.845,7.5,7.53,78600,7.53
"312",2018-01-03,7.66,7.826,7.53,7.64,74400,7.64
"313",2018-01-04,7.75,8.11,7.66,7.91,67700,7.91
"314",2018-01-05,7.9,9.59,7.9,9.47,466500,9.47
"315",2018-01-08,9.71,9.838,8.5,9.23,284000,9.23
"316",2018-01-09,9.15,9.25,8.57,9.01,199200,9.01
"317",2018-01-10,8.73,8.73,8.25,8.4,104300,8.4
"318",2018-01-11,8.39,8.4,8.28,8.39,104600,8.39
"319",2018-01-12,8.35,8.48,8.26,8.35,188100,8.35
"320",2018-01-16,8.41,8.6,8.18,8.4,254900,8.4
"321",2018-01-17,8.5,8.8,8.1,8.21,229900,8.21
"322",2018-01-18,8.22,10.64,8.22,10.02,1001600,10.02
"323",2018-01-19,10.01,10.33,9.59,9.8,574600,9.8
"324",2018-01-22,9.91,9.99,9.31,9.64,192700,9.64
"325",2018-01-23,9.6,9.94,9.31,9.59,163500,9.59
"326",2018-01-24,9.59,9.869,9.3,9.59,153100,9.59
"327",2018-01-25,9.68,10.28,9.59,10.22,175400,10.22
"328",2018-01-26,10.35,11.478,10.15,10.66,457400,10.66
"329",2018-01-29,10.49,10.49,9.49,9.76,234500,9.76
"330",2018-01-30,9.54,10.18,9.49,9.59,232000,9.59
"331",2018-01-31,9.75,9.99,9.21,9.44,207600,9.44
"332",2018-02-01,9.44,9.62,8.925,9.07,100700,9.07
"333",2018-02-02,8.9,8.9,8.31,8.64,151700,8.64
"334",2018-02-05,8.37,8.8,8.26,8.4,120100,8.4
"335",2018-02-06,8.1,8.59,8,8.53,137000,8.53
"336",2018-02-07,8.64,9.089,8.41,8.68,58300,8.68
"337",2018-02-08,7.43,7.5,6.4,6.96,2065600,6.96
"338",2018-02-09,7.05,7.35,6.701,7.14,244200,7.14
"339",2018-02-12,7.27,7.49,7,7.32,214300,7.32
"340",2018-02-13,7.35,7.45,6.95,7.24,139000,7.24
"341",2018-02-14,7.69,7.9,7.2,7.73,255300,7.73
"342",2018-02-15,7.8,8.107,7.321,7.79,91900,7.79
"343",2018-02-16,7.66,7.989,7.45,7.67,93800,7.67
"344",2018-02-20,7.5,8.065,7.498,7.73,136900,7.73
"345",2018-02-21,7.72,7.94,7.521,7.61,104200,7.61
"346",2018-02-22,7.63,7.899,7.62,7.64,59800,7.64
"347",2018-02-23,7.71,7.799,7.41,7.6,187900,7.6
"348",2018-02-26,7.68,7.99,7.68,7.82,70100,7.82
"349",2018-02-27,7.85,8.02,7.83,7.88,67000,7.88
"350",2018-02-28,7.92,7.92,7.5,7.69,73000,7.69
"351",2018-03-01,7.74,7.9,7.18,7.32,110100,7.32
"352",2018-03-02,7.25,7.62,7,7.56,83100,7.56
"353",2018-03-05,7.6,7.9,7.58,7.83,92700,7.83
"354",2018-03-06,7.89,8.325,7.89,8.23,146400,8.23
"355",2018-03-07,8.13,9.219,8.1,9.09,253300,9.09
"356",2018-03-08,9.09,9.25,8.471,8.93,92300,8.93
"357",2018-03-09,8.73,9.5,8.508,9.3,128400,9.3
"358",2018-03-12,9.39,9.57,9.21,9.35,117800,9.35
"359",2018-03-13,9.38,9.46,9,9.12,128000,9.12
"360",2018-03-14,9.16,9.32,8.9,9.28,102500,9.28
"361",2018-03-15,9.37,9.37,8.83,9.01,80100,9.01
"362",2018-03-16,8.98,8.98,7.52,7.92,476100,7.92
"363",2018-03-19,8.02,8.52,7.9,8.46,148700,8.46
"364",2018-03-20,8.45,8.474,8.01,8.1,85900,8.1
"365",2018-03-21,8.02,8.279,7.96,8.11,74800,8.11
"366",2018-03-22,7.92,8.067,7.55,7.62,158100,7.62
"367",2018-03-23,7.7,7.75,7.43,7.56,75400,7.56
"368",2018-03-26,7.77,7.895,7.3,7.75,120700,7.75
"369",2018-03-27,7.835,7.93,7.27,7.41,70100,7.41
"370",2018-03-28,7.32,7.59,7.25,7.47,54000,7.47
"371",2018-03-29,7.54,7.72,7.2,7.55,57300,7.55
"372",2018-04-02,7.44,7.47,6.94,7.14,87300,7.14
"373",2018-04-03,7.21,7.44,6.96,7.41,59400,7.41
"374",2018-04-04,7.25,7.71,7.15,7.64,65900,7.64
"375",2018-04-05,7.79,7.97,7.665,7.73,44900,7.73
"376",2018-04-06,7.66,7.705,7.22,7.39,43200,7.39
"377",2018-04-09,7.46,7.83,7.29,7.6,60900,7.6
"378",2018-04-10,7.8,7.8,7.44,7.75,37900,7.75
"379",2018-04-11,7.75,7.92,7.57,7.66,23900,7.66
"380",2018-04-12,7.68,8.07,7.61,8.02,42500,8.02
"381",2018-04-13,8.04,8.349,7.9,8.155,46700,8.155
"382",2018-04-16,8.29,8.3,8.06,8.3,28500,8.3
"383",2018-04-17,8.32,8.5,8.303,8.311,51300,8.311
"384",2018-04-18,8.38,8.5,8.26,8.29,47900,8.29
"385",2018-04-19,8.21,8.228,7.635,7.92,60300,7.92
"386",2018-04-20,7.89,7.89,7.6,7.61,19000,7.61
"387",2018-04-23,7.67,7.92,7.67,7.89,13600,7.89
"388",2018-04-24,7.95,7.97,7.39,7.39,64600,7.39
"389",2018-04-25,7.42,7.49,7.3,7.35,35400,7.35
"390",2018-04-26,7.37,7.89,7.31,7.39,27600,7.39
"391",2018-04-27,7.52,7.556,7.3,7.3,29800,7.3
"392",2018-04-30,7.25,7.49,6.75,6.83,127600,6.83
"393",2018-05-01,6.9,6.98,6.68,6.93,108900,6.93
"394",2018-05-02,7.19,7.41,6.86,6.92,114100,6.92
"395",2018-05-03,7.01,7.3,6.92,7.1,44400,7.1
"396",2018-05-04,6.98,7.6,6.98,7.29,134500,7.29
"397",2018-05-07,7.3,7.43,7.21,7.27,59500,7.27
"398",2018-05-08,7.13,7.4,7.065,7.4,57600,7.4
"399",2018-05-09,7.38,7.6,7.3,7.42,73900,7.42
"400",2018-05-10,8.82,9.73,8.78,8.94,893000,8.94
"401",2018-05-11,8.76,8.965,8.315,8.58,189100,8.58
"402",2018-05-14,8.73,8.93,8.53,8.81,96300,8.81
"403",2018-05-15,8.63,8.83,8.523,8.81,59400,8.81
"404",2018-05-16,8.74,8.79,8.38,8.64,77300,8.64
"405",2018-05-17,8.5,8.75,8.38,8.59,114700,8.59
"406",2018-05-18,8.46,8.77,8.46,8.64,65300,8.64
"407",2018-05-21,8.78,9,8.08,8.16,172500,8.16
"408",2018-05-22,8.27,8.3,7.85,8,96800,8
"409",2018-05-23,7.97,8.079,7.709,7.85,134500,7.85
"410",2018-05-24,7.8,8.11,7.671,7.93,151600,7.93
"411",2018-05-25,7.96,8.06,7.83,8.04,37100,8.04
"412",2018-05-29,8,8.1,7.9,7.99,68300,7.99
"413",2018-05-30,7.99,7.99,7.61,7.67,208100,7.67
"414",2018-05-31,7.71,7.95,7.55,7.67,110700,7.67
"415",2018-06-01,7.75,7.8,7.501,7.75,70200,7.75
"416",2018-06-04,7.8,7.8,7.52,7.6,66200,7.6
"417",2018-06-05,7.64,7.88,7.5,7.84,85100,7.84
"418",2018-06-06,7.91,8.08,7.77,7.99,41300,7.99
"419",2018-06-07,8.04,8.09,7.73,7.87,32600,7.87
"420",2018-06-08,7.9,8.29,7.885,8.24,50700,8.24
"421",2018-06-11,8.2,8.38,8.093,8.11,75200,8.11
"422",2018-06-12,8.04,8.329,8.03,8.16,103200,8.16
"423",2018-06-13,8.17,8.57,8.13,8.5,103800,8.5
"424",2018-06-14,8.6,9.28,8.55,9.25,267500,9.25
"425",2018-06-15,9.25,9.285,8.91,9,140900,9
"426",2018-06-18,9,9.24,8.99,9.23,152700,9.23
"427",2018-06-19,9.01,9.35,9.01,9.2,198600,9.2
"428",2018-06-20,9.2,10.25,9.2,9.65,309800,9.65
"429",2018-06-21,9.69,9.71,9.24,9.25,204600,9.25
"430",2018-06-22,9.25,9.344,9,9.17,237000,9.17
"431",2018-06-25,9.24,9.24,8.84,8.99,117800,8.99
"432",2018-06-26,9.09,9.369,9,9.23,33000,9.23
"433",2018-06-27,9,9.2,8.96,9.01,60200,9.01
"434",2018-06-28,8.93,8.95,8.54,8.75,112700,8.75
"435",2018-06-29,8.87,9.05,8.852,8.92,58200,8.92
"436",2018-07-02,8.81,8.88,8.41,8.65,59600,8.65
"437",2018-07-03,8.78,8.95,8.67,8.79,13600,8.79
"438",2018-07-05,8.94,9.32,8.825,9.25,62600,9.25
"439",2018-07-06,9.2,9.25,9.08,9.08,36200,9.08
"440",2018-07-09,9.04,9.17,9,9.15,39400,9.15
"441",2018-07-10,9.15,9.57,9.15,9.4,137800,9.4
"442",2018-07-11,9.4,9.45,9.19,9.29,103500,9.29
"443",2018-07-12,9.3,9.736,9.3,9.56,107600,9.56
"444",2018-07-13,9.52,9.85,9.52,9.82,56800,9.82
"445",2018-07-16,9.8,9.8,9.1,9.15,44500,9.15
"446",2018-07-17,9.02,9.535,9,9.43,51200,9.43
"447",2018-07-18,9.3,9.65,9.22,9.47,22900,9.47
"448",2018-07-19,9.5,10.1,9.49,9.75,147500,9.75
"449",2018-07-20,9.8,9.935,9.35,9.41,37300,9.41
"450",2018-07-23,9.37,9.37,8.83,9.15,64800,9.15
"451",2018-07-24,9.24,9.24,8.883,9.03,30400,9.03
"452",2018-07-25,8.78,8.932,8.5,8.5,60700,8.5
"453",2018-07-26,8.5,8.93,8.5,8.67,41500,8.67
"454",2018-07-27,8.53,8.68,8.48,8.5,52300,8.5
"455",2018-07-30,8.51,8.68,8.5,8.54,35900,8.54
"456",2018-07-31,8.66,8.9,8.553,8.8,31100,8.8
"457",2018-08-01,8.906,8.906,8.585,8.78,13200,8.78
"458",2018-08-02,8.78,9.07,8.6,8.66,44300,8.66
"459",2018-08-03,8.77,8.91,8.55,8.87,33300,8.87
"460",2018-08-06,8.92,11.2,8.881,11.15,626300,11.15
"461",2018-08-07,11.07,11.13,9.921,10.6,345600,10.6
"462",2018-08-08,10.66,10.746,10.034,10.24,142000,10.24
"463",2018-08-09,8.9,9.63,8.6,9.27,320000,9.27
"464",2018-08-10,9.093,9.24,8.53,8.99,165100,8.99
"465",2018-08-13,9,9,8.6,8.86,90600,8.86
"466",2018-08-14,8.9,8.9,8.51,8.63,26200,8.63
"467",2018-08-15,8.56,8.768,8.5,8.5,42400,8.5
"468",2018-08-16,8.57,8.78,8.48,8.72,39000,8.72
"469",2018-08-17,8.8,8.92,8.6,8.75,36300,8.75
"470",2018-08-20,8.5,8.87,8.5,8.52,54900,8.52
"471",2018-08-21,8.67,8.92,8.51,8.86,48600,8.86
"472",2018-08-22,8.75,8.85,8.62,8.69,46800,8.69
"473",2018-08-23,8.65,8.9,8.61,8.7,47400,8.7
"474",2018-08-24,8.8,8.84,8.604,8.73,63700,8.73
"475",2018-08-27,8.7,8.99,8.578,8.75,68600,8.75
"476",2018-08-28,8.648,8.82,8.6,8.78,54500,8.78
"477",2018-08-29,8.8,9.7,8.765,9.53,184900,9.53
"478",2018-08-30,9.54,9.65,9.14,9.22,106800,9.22
"479",2018-08-31,9.1,9.28,9.02,9.25,157200,9.25
"480",2018-09-04,9.11,9.2,9.09,9.17,89200,9.17
"481",2018-09-05,9.17,9.22,8.985,9.12,70600,9.12
"482",2018-09-06,9.09,9.1,8.83,8.93,78800,8.93
"483",2018-09-07,8.93,9,8.82,8.92,24300,8.92
"484",2018-09-10,8.8,8.86,8.56,8.74,43500,8.74
"485",2018-09-11,8.58,8.89,8.5,8.51,53500,8.51
"486",2018-09-12,8.5,8.6,7.33,7.98,506400,7.98
"487",2018-09-13,8.09,8.26,7.92,7.98,128700,7.98
"488",2018-09-14,7.9,8.15,7.77,7.91,37100,7.91
"489",2018-09-17,7.76,7.93,7.57,7.65,42000,7.65
"490",2018-09-18,7.58,7.89,7.58,7.74,44400,7.74
"491",2018-09-19,7.78,7.98,7.62,7.63,49000,7.63
"492",2018-09-20,7.63,7.815,7.43,7.43,127500,7.43
"493",2018-09-21,7.59,7.6,7.1,7.52,134600,7.52
"494",2018-09-24,7.56,8,7.466,7.86,58400,7.86
"495",2018-09-25,7.91,8.08,7.73,7.95,45900,7.95
"496",2018-09-26,7.91,8.03,7.693,7.8,43200,7.8
"497",2018-09-27,7.73,7.86,7.6,7.67,37800,7.67
"498",2018-09-28,7.56,7.77,7.51,7.68,16800,7.68
"499",2018-10-01,7.76,7.76,7.51,7.68,22100,7.68
"500",2018-10-02,7.58,7.725,7.57,7.63,51000,7.63
"501",2018-10-03,7.6,7.67,7.43,7.49,21100,7.49
"502",2018-10-04,7.44,7.8,7.25,7.46,301800,7.46
"503",2018-10-05,7.4,7.49,7.1,7.1,149600,7.1
"504",2018-10-08,7.1,7.46,6.91,7.1,529800,7.1
"505",2018-10-09,7.09,7.22,6.883,7.12,26400,7.12
"506",2018-10-10,7.01,7.07,6.7,6.81,108300,6.81
"507",2018-10-11,6.8,6.96,6.72,6.87,66300,6.87
"508",2018-10-12,7,7.2,6.64,6.81,104600,6.81
"509",2018-10-15,6.85,7.06,6.76,7.01,20600,7.01
"510",2018-10-16,7,7.35,6.8,6.94,66700,6.94
"511",2018-10-17,6.9,7.19,6.897,7.095,15700,7.095
"512",2018-10-18,7.08,7.08,6.84,6.89,25200,6.89
"513",2018-10-19,6.86,7.326,6.86,7.05,46400,7.05
"514",2018-10-22,7.17,7.24,7.09,7.1,17700,7.1
"515",2018-10-23,6.806,7.066,6.806,6.95,14600,6.95
"516",2018-10-24,6.96,6.98,6.33,6.48,49500,6.48
"517",2018-10-25,6.5,6.861,6.48,6.66,42000,6.66
"518",2018-10-26,6.66,7.06,6.511,6.69,42900,6.69
"519",2018-10-29,6.68,7.09,6.523,6.53,41400,6.53
"520",2018-10-30,6.55,7.1,6.55,6.94,30600,6.94
"521",2018-10-31,6.94,7.14,6.735,7.03,61100,7.03
"522",2018-11-01,6.99,7.37,6.73,6.86,90500,6.86
"523",2018-11-02,7.15,7.15,6.9,7.05,12900,7.05
"524",2018-11-05,6.97,7.216,6.97,7.11,29000,7.11
"525",2018-11-06,7.13,7.4,7.13,7.215,16000,7.215
"526",2018-11-07,7.23,7.78,7.23,7.6,74900,7.6
"527",2018-11-08,7.63,7.9,7.54,7.66,74300,7.66
"528",2018-11-09,8,8,7.65,7.72,73500,7.72
"529",2018-11-12,7.58,7.68,7.48,7.54,59600,7.54
"530",2018-11-13,7.63,7.948,7.56,7.71,103500,7.71
"531",2018-11-14,7.932,7.97,7.716,7.88,57400,7.88
"532",2018-11-15,7.77,8.15,7.69,7.8,97700,7.8
"533",2018-11-16,7.62,7.8,7.47,7.5,71800,7.5
"534",2018-11-19,7.8,7.9,7.26,7.44,23700,7.44
"535",2018-11-20,7.29,7.52,6.99,7.1,47000,7.1
"536",2018-11-21,7.15,7.35,7.12,7.19,81600,7.19
"537",2018-11-23,7.4,7.67,7.02,7.12,5600,7.12
"538",2018-11-26,7.06,7.35,6.3,6.72,87200,6.72
"539",2018-11-27,6.7,7.16,6.6,7.09,52200,7.09
"540",2018-11-28,7.17,7.19,6.927,7.07,34700,7.07
"541",2018-11-29,7.07,7.12,6.91,6.98,28800,6.98
"542",2018-11-30,6.99,7.23,6.99,7.03,24500,7.03
"543",2018-12-03,7.06,7.34,6.9,6.9,39700,6.9
"544",2018-12-04,6.9,7.08,6.83,6.89,18100,6.89
"545",2018-12-06,6.76,6.86,6.52,6.54,45900,6.54
"546",2018-12-07,6.51,6.71,6.32,6.37,25600,6.37
"547",2018-12-10,6.29,6.5,6.083,6.3,38400,6.3
"548",2018-12-11,6.26,6.525,6.09,6.13,21200,6.13
"549",2018-12-12,6.08,6.44,6.08,6.27,61400,6.27
"550",2018-12-13,6.3,6.68,6.22,6.28,30000,6.28
"551",2018-12-14,6.22,6.62,6.22,6.3,15100,6.3
"552",2018-12-17,6.25,6.392,6.11,6.24,48100,6.24
"553",2018-12-18,6.15,6.373,6.15,6.23,43900,6.23
"554",2018-12-19,6.18,6.44,5.805,5.96,80600,5.96
"555",2018-12-20,5.79,5.91,5.34,5.505,62400,5.505
"556",2018-12-21,5.43,5.78,5.43,5.56,95600,5.56
"557",2018-12-24,5.57,5.771,5.479,5.65,14500,5.65
"558",2018-12-26,6.24,6.24,5.5,5.9,72900,5.9
"559",2018-12-27,5.7,6.07,5.5,5.59,39900,5.59
"560",2018-12-28,5.45,6.06,5.3,5.59,96700,5.59
"561",2018-12-31,5.46,5.719,5.4,5.61,126300,5.61
"562",2019-01-02,5.5,5.71,5.386,5.71,21400,5.71
"563",2019-01-03,5.68,6.09,5.605,5.72,22300,5.72
"564",2019-01-04,5.73,5.97,5.7,5.82,38200,5.82
"565",2019-01-07,5.91,6.21,5.68,6.05,33000,6.05
"566",2019-01-08,6.2,6.271,5.93,6.1,16700,6.1
"567",2019-01-09,6.16,6.4,6.03,6.22,15400,6.22
"568",2019-01-10,6.24,6.349,5.946,6.12,24400,6.12
"569",2019-01-11,6.02,6.48,5.93,6.16,21800,6.16
"570",2019-01-14,6.17,6.38,6.17,6.36,16100,6.36
"571",2019-01-15,6.36,6.59,6.323,6.49,22300,6.49
"572",2019-01-16,6.54,6.88,6.382,6.691,15200,6.691
"573",2019-01-17,6.72,6.926,6.6,6.62,12100,6.62
"574",2019-01-18,6.74,6.93,6.4,6.57,31700,6.57
"575",2019-01-22,6.54,6.76,6.31,6.31,17100,6.31
"576",2019-01-23,6.41,6.51,6.31,6.36,6400,6.36
"577",2019-01-24,6.4,6.77,6.4,6.56,18600,6.56
"578",2019-01-25,6.65,6.925,6.495,6.89,18500,6.89
"579",2019-01-28,6.74,6.79,6.552,6.61,12600,6.61
"580",2019-01-29,6.57,6.755,6.5,6.755,18200,6.755
"581",2019-01-30,6.72,6.88,6.69,6.88,20200,6.88
"582",2019-01-31,6.71,6.99,6.66,6.87,25900,6.87
"583",2019-02-01,6.88,6.92,6.85,6.87,8500,6.87
"584",2019-02-04,6.87,6.89,6.601,6.76,29800,6.76
"585",2019-02-05,6.84,6.85,6.563,6.8,3100,6.8
"586",2019-02-06,6.78,6.95,6.66,6.9,23000,6.9
"587",2019-02-07,6.92,6.93,6.69,6.76,7400,6.76
"588",2019-02-08,6.8,6.89,6.57,6.59,21200,6.59
"589",2019-02-11,6.51,6.55,6.35,6.35,29600,6.35
"590",2019-02-12,6.43,6.54,5.93,6,48600,6
"591",2019-02-13,6.08,6.36,5.9,5.95,28400,5.95
"592",2019-02-14,5.91,6.3,5.91,6.21,13200,6.21
"593",2019-02-15,6.21,6.29,6.13,6.25,10500,6.25
"594",2019-02-19,6.15,7.49,6.15,7.43,475500,7.43
"595",2019-02-20,8.14,8.92,7.94,8.85,815200,8.85
"596",2019-02-21,8.64,8.89,8.141,8.72,180300,8.72
"597",2019-02-22,8.45,8.92,8.45,8.74,130200,8.74
"598",2019-02-25,9.09,9.202,8.68,8.96,154476,8.96
